Personnummer,Customer,Phone,Address
400118-5901,Sofie Ibrahim,061-608 60 88,"Ängsvägen 03, 14010 Gävle"
391117-9285,Mona Lundgren,+46 (0)396 101 64,"Kyrkvägen 084, 49722 Göteborg"
981215-7254,Tuulikki Blomqvist,+46 (0)918 939 10,"Kvarnvägen 654, 94181 Borås"
960709-2138,Maria Lund,011-396 09 07,"Idrottsgatan 29, 95515 Eskilstuna"
480306-8115,Isabelle Hjelm-Larsson,+46 (0)20 79 17 12,"Åkervägen 971, 90160 Sundsvall"
940125-0585,Camilla Johansson,0861-196 16,"Åkertorget 069, 39757 Motala"
410710-9094,Hanna Hassan,037-883 90 90,"Villavägen 3, 86247 Kristianstad"
970509-1354,Lova Sundberg-Olsson,096-473 28 15,"Storstigen 811, 77717 Kristianstad"
460430-5393,Anna Rosenberg,024-65 61 12,"Ekgatan 995, 22276 Östersund"
050129-1702,Ida Haraldsson,+46 (0)507 376 03,"Nygränd 66, 29051 Östersund"
650907-0865,Mary Persson,08-921 70 79,"Järnvägsstigen 4, 45736 Östersund"
970320-1955,Stina Jansson,0829-327 34,"Björkgatan 6, 17233 Mölndal"
390120-3251,Mari Granath Åkesson,08-764 060 43,"Ringvägen 046, 63456 Karlstad"
870510-7632,Karin Nilsson,+46 (0)975 970 92,"Stationsstigen 7, 38873 Östersund"
890713-4053,Kerstin Andersson,018-68 77 32,"Kyrkgatan 214, 41710 Landskrona"
410316-8359,Maria Eklund,062-56 88 13,"Strandgatan 860, 99872 Mölndal"
540225-7553,Amanda Lundgren,08-115 654 00,"Parktorget 58, 26034 Mölndal"
020819-5933,Maria Berg,+46 (0)50 76 54 96,"Skolvägen 78, 53191 Landskrona"
000112-4718,Joanna Åkerlund,+46 (0)64 52 15 10,"Backstigen 81, 88068 Karlskoga"
860806-5499,Margareta Eriksson,091-978 15 65,"Parkgatan 083, 83788 Göteborg"
551226-2535,Anna Andersson,08-11 67 41,"Ringstigen 91, 55006 Varberg"
960812-8352,Laila Fransson Hedlund,067-40 00 26,"Åkertorget 022, 19742 Lidköping"
491206-5150,Agnes Karlsson,031-61 94 36,"Stationstorget 867, 86539 Skövde"
920430-0215,Elsa Svensson,08-80 24 81,"Björkgränd 34, 11776 Umeå"
590612-4861,Kristina Åström,0684-865 67,"Ängsgränd 76, 38179 Uddevalla"
680414-8994,Gunnel Pettersson,0400-369 09,"Trädgårdsgatan 84, 30993 Malmö"
850328-3593,Agneta Ekman,+46 (0)8 779 494 77,"Trädgårdsvägen 630, 98581 Karlskrona"
680912-5039,Cecilia Ottosson Lindblom,062-619 00 20,"Fabrikstorget 009, 16221 Trollhättan"
380518-3252,Ester Ekelund,08-83 48 04,"Åkergatan 231, 83376 Norrköping"
000615-6756,Sabina Johansson-Omar,+46 (0)8 512 551 71,"Grangatan 745, 55460 Piteå"
690811-8372,Erika Wiberg Nilsson,019-396 62 36,"Stortorget 8, 83044 Östersund"
040605-9147,Edit Ahlström-Samuelsson,08-190 01 56,"Skolvägen 425, 75756 Växjö"
970114-2821,Olga Carlsson,+46 (0)8 520 541 61,"Björkstigen 020, 55468 Växjö"
950821-8626,Madeleine Larsson Lundström,08-44 41 50,"Trädgårdsstigen 574, 45955 Malmö"
000807-9626,Ellen Nilsson,041-80 39 83,"Parkvägen 543, 51729 Falun"
411210-1656,Maj-Britt Hagberg-Bergström,08-696 529 01,"Kvarngatan 389, 47183 Sandviken"
511005-5604,Eva Pettersson-Karlberg,+46 (0)8 222 412 39,"Skolgränd 627, 58873 Falun"
030603-7102,Louise Blomqvist,0749-82 98 86,"Furuvägen 38, 87020 Motala"
980203-2699,Stina Larsson Andersson,068-89 02 55,"Bäckgränd 61, 45259 Nyköping"
661104-6993,Kristina Ekman Gustafsson,0973-690 10,"Skogsvägen 668, 13429 Skellefteå"
890522-1597,Kristina Brandt,0940-48 36 42,"Industrigatan 1, 34708 Falun"
761115-2401,Joanna Torstensson-Svensson,08-900 23 32,"Bäckgränd 425, 11910 Karlskoga"
930408-3224,Lilian Andersson,+46 (0)8 389 914 23,"Åkervägen 4, 44158 Landskrona"
490201-7484,Karin Persson,060-774 82 26,"Furutorget 513, 94184 Trelleborg"
700606-8501,Eivor Svensson,+46 (0)8 118 446 69,"Kvarngränd 3, 96302 Örebro"
020207-5792,Julia Karlsson,08-288 12 87,"Grangatan 75, 60901 Sundsvall"
430330-6577,Victoria Ek,0613-38 82 38,"Skolstigen 67, 98473 Halmstad"
410918-5795,Maria Eriksson,08-585 92 83,"Villavägen 913, 50242 Motala"
750529-8526,Eva Jonsson-Berg,+46 (0)8 704 133 66,"Åkervägen 73, 17660 Halmstad"
630412-3000,Anna Wahlström Lundin,0242-554 32,"Bäcktorget 44, 72114 Örnsköldsvik"
031129-0464,Tindra Jonsson,08-45 75 06,"Nyvägen 75, 11633 Linköping"
560511-1326,Sandra Sjöberg,057-240 86 25,"Skolgatan 929, 43096 Malmö"
801116-3071,Zahra Flink,+46 (0)188 613 59,"Björkgatan 56, 65143 Piteå"
980130-3422,Helen Johansson,+46 (0)8 272 767 13,"Industrigränd 1, 28362 Lund"
980122-7878,Alice Lundgren,08-287 19 26,"Ringvägen 76, 26134 Landskrona"
610329-4028,Birgitta Ståhl-Hultgren,086-831 04 12,"Fabriksvägen 6, 72388 Sundsvall"
540220-9521,Margareta Lund,08-93 24 07,"Nygatan 6, 62937 Landskrona"
901208-9356,Tova Gustafsson Bengtsson,08-94 70 71,"Nyvägen 622, 39305 Kristianstad"
901104-3719,Ann Nilsson,0617-77 72 10,"Idrottsvägen 8, 63552 Sundsvall"
841210-2173,Agnes Åberg,08-402 255 92,"Åkerstigen 22, 50789 Skellefteå"
030417-5920,Lilian Axelsson,+46 (0)8 840 114 20,"Storvägen 0, 73994 Luleå"
840921-6200,Kristina Hansen,+46 (0)685 572 10,"Aspstigen 13, 51357 Sundsvall"
810113-7506,Anna Dahlin Ågren,099-73 87 24,"Furugränd 88, 90312 Ängelholm"
521117-6978,Ingrid Bäckström Persson,08-80 66 76,"Järnvägsstigen 49, 74337 Lidköping"
891106-8834,Ulla Hellman,+46 (0)8 244 964 17,"Ekstigen 60, 15004 Malmö"
891101-6767,Maria Axelsson,08-78 19 07,"Nytorget 91, 88709 Lidköping"
441112-0035,Linnéa Eriksson-Byström,+46 (0)862 415 63,"Skolstigen 45, 97546 Borås"
640113-3456,Birgitta Nilsson,0106-820 13,"Idrottsvägen 51, 52369 Borås"
990215-7727,Louise Wall,052-757 52 90,"Parkgatan 961, 17045 Karlstad"
680723-0690,Carina Pettersson Nylander,+46 (0)313 235 62,"Trädgårdsvägen 31, 88094 Alingsås"
430815-3222,Maria Frank,043-46 29 04,"Åkergränd 4, 90224 Kristianstad"
981103-6731,Astrid Backlund,+46 (0)188 411 12,"Kyrkvägen 880, 57118 Lund"
860309-0559,Sara Svensson,0531-396 71,"Bäckvägen 7, 36384 Linköping"
900316-6783,Christina Olofsson,+46 (0)879 182 36,"Fabriksvägen 0, 32908 Örebro"
620626-8408,Cristina Persson,081-92 63 75,"Grantorget 4, 47164 Skövde"
671203-2561,Margareta Olsson,0270-57 49 29,"Storgränd 355, 35602 Lund"
431218-4601,Gun Jansson,+46 (0)06 48 89 26,"Ringgatan 9, 57499 Sandviken"
951215-6036,Linnéa Ottosson,066-158 11 23,"Granstigen 1, 94751 Borås"
930323-2665,Ylva Nilsson,08-26 85 10,"Stationstorget 1, 10349 Trollhättan"
450531-4726,Tindra Karlsson Åkesson,08-095 88 67,"Parkstigen 76, 10347 Skövde"
050501-4027,Gunilla Olofsson,+46 (0)8 870 930 32,"Kvarngränd 697, 46408 Karlskoga"
521207-7944,Anna Lindström Sandgren,+46 (0)16 11 22 15,"Industrigatan 0, 33881 Malmö"
050608-5364,Tina Larsson,08-45 06 42,"Genstigen 97, 72115 Lidingö"
490129-6196,Iris Nilsson,+46 (0)727 655 48,"Bäckgatan 1, 75985 Varberg"
750324-2856,Ann-Marie Sandberg,08-412 63 54,"Fabriksstigen 316, 76177 Karlstad"
540522-6134,Caroline Nordström Andreasson,08-52 80 73,"Ringstigen 6, 20479 Trelleborg"
460425-7487,Caroline Karlsson-Hellberg,0458-20 73 86,"Nygatan 91, 83897 Landskrona"
950407-8487,Alexandra Olsson,08-976 475 21,"Bäckvägen 3, 43869 Helsingborg"
910519-4634,Ingrid Bergvall,+46 (0)24 26 03 58,"Furugatan 8, 48627 Karlstad"
960825-5072,Anita Johansson,0998-74 24 80,"Industristigen 03, 40614 Göteborg"
910827-2437,Charlotte Engström,08-338 060 59,"Bäckgatan 8, 85966 Halmstad"
841022-4763,Gunvor Magnusson Öberg,08-149 618 54,"Backgatan 8, 81672 Karlskoga"
760413-8730,Ulla Melin,0452-508 15,"Aspvägen 0, 37416 Trollhättan"
981014-7646,Dagny Svensson,+46 (0)21 25 43 31,"Bäckstigen 252, 74950 Borlänge"
681010-5228,Ulrika Larsson,0141-431 54,"Skolvägen 98, 40809 Borlänge"
711020-3960,Marie Lund,08-877 130 48,"Storgatan 42, 91882 Landskrona"
791118-2462,Inger Lund,+46 (0)35 56 23 57,"Skolvägen 6, 71181 Alingsås"
400328-6996,Zahra Svensson-Johansson,0026-601 74,"Grangränd 061, 36553 Nyköping"
510617-0615,Karin Larsson,+46 (0)805 999 39,"Idrottsgränd 190, 83179 Karlstad"
640413-8023,Harriet Berg,08-731 36 88,"Fabriksgränd 0, 95963 Uppsala"
710524-0449,Ann Knutsson,+46 (0)73 70 13 25,"Idrottsvägen 2, 46551 Stockholm"
031014-0330,Gerd Lindqvist,+46 (0)769 187 17,"Industristigen 50, 55373 Södertälje"
480629-0807,Sofia Vallin,+46 (0)10 75 03 83,"Ängsgränd 82, 10637 Uppsala"
530404-5650,Madelene Lindgren-Carlberg,0423-63 67 02,"Storvägen 702, 43717 Mölndal"
880504-5534,Charlotta Andersson,08-364 444 03,"Parkstigen 109, 21904 Mölndal"
630813-9200,Cecilia Holmgren,+46 (0)8 637 065 60,"Backstigen 4, 99766 Örnsköldsvik"
770314-1197,Edith Isaksson,064-619 77 99,"Grantorget 74, 25203 Örebro"
570307-0606,Irene Hedman,+46 (0)83 69 15 86,"Fabriksgatan 0, 34491 Halmstad"
990826-3057,Ann-Sofie Berggren,08-993 676 74,"Stationsgränd 6, 29200 Linköping"
000722-4124,Viola Thor Gustafsson,08-171 70 84,"Ängstorget 480, 62416 Östersund"
561012-3878,Alice Axelsson,0970-64 19 50,"Genvägen 5, 63184 Eskilstuna"
050719-3324,Britt Pettersson,+46 (0)8 460 904 79,"Furustigen 42, 85115 Karlstad"
460405-5261,Katarina Bengtsson,08-308 85 97,"Parkgatan 58, 46109 Karlstad"
510326-2258,Erika Dahlberg-Nilsson,08-56 04 89,"Skolgatan 05, 70159 Örebro"
651011-9842,Olivia Malmström,058-22 71 95,"Skoltorget 549, 30393 Trelleborg"
700610-4371,Eva Hansson,0596-839 38,"Kyrkogatan 5, 78023 Göteborg"
751014-2008,Linnea Mattsson,0507-15 04 64,"Furuvägen 8, 29484 Lund"
980717-2268,Barbro Granlund,08-17 28 74,"Stationsgatan 24, 16309 Varberg"
621205-8827,Johanna Svensson,019-85 85 51,"Bäcktorget 7, 33841 Piteå"
991126-8184,Sigrid Holmgren,091-298 26 01,"Skolgränd 20, 46476 Ängelholm"
500128-9916,Astrid Eriksson-Svensson,0713-730 95,"Backgatan 7, 83837 Falun"
501213-8391,Malin Gustafsson,08-20 44 28,"Villavägen 242, 18096 Lidingö"
420602-4558,Elna Engberg,015-308 78 92,"Granstigen 1, 57983 Karlskoga"
950329-4267,Irene Palm,+46 (0)8 672 226 75,"Järnvägsvägen 0, 82652 Södertälje"
701113-4041,Anita Andersson,0863-236 10,"Nyvägen 46, 92586 Landskrona"
020907-9359,Ann-Charlotte Johnsson,08-012 24 20,"Nyvägen 51, 36077 Halmstad"
930801-0736,Ingrid Widén-Eriksson,078-576 54 65,"Furugränd 194, 39438 Luleå"
891116-5697,Lisbeth Holmberg,+46 (0)66 02 35 03,"Åkervägen 571, 42440 Gävle"
680818-7006,Jeanette Andersson,049-95 49 99,"Kvarnvägen 39, 21984 Varberg"
731219-6335,Moa Berglund,+46 (0)50 78 46 53,"Skogsgatan 25, 77323 Alingsås"
410517-2805,Therese Carlsson,+46 (0)174 206 10,"Skolgatan 312, 39137 Luleå"
870926-1112,Vilma Hedström,+46 (0)703 379 78,"Trädgårdsgatan 224, 74343 Skövde"
361113-4648,Åse Berg,+46 (0)915 527 14,"Kvarnvägen 59, 47476 Skellefteå"
840407-4828,Sonja Sandberg,08-770 745 63,"Järnvägsvägen 33, 96497 Piteå"
590323-8250,Angelica Jensen,08-385 759 77,"Storgränd 8, 23240 Borås"
390508-4368,Moa Karlsson Berglund,08-544 561 73,"Backgatan 483, 15924 Stockholm"
590618-9138,Marie Pettersson-Pettersson,091-739 52 93,"Villastigen 5, 82510 Trelleborg"
490730-0612,Lina Fredriksson,08-379 731 39,"Villagatan 74, 84144 Jönköping"
920221-3337,Viola Gren,+46 (0)8 340 028 65,"Skolvägen 166, 48930 Borås"
961003-4705,Inga Jönsson,08-838 114 97,"Björkstigen 8, 68132 Piteå"
990316-2809,Ahmed Gustafsson,022-437 72 07,"Stationsgatan 18, 33938 Skellefteå"
511209-5483,Maria Jakobsson,+46 (0)69 55 82 81,"Skolvägen 339, 40330 Gävle"
040530-8834,Kajsa Olsson,08-299 96 24,"Ängsgränd 9, 83593 Piteå"
070302-0982,Inger Ahlgren,+46 (0)408 272 27,"Furuvägen 08, 33799 Skövde"
521030-3250,Katarina Ali,0267-664 02,"Trädgårdsstigen 8, 75689 Borås"
030803-2572,Lovisa Eriksson-Lindfors,08-689 577 69,"Skogsvägen 054, 62496 Skellefteå"
850331-3853,Sara Lindström-Jakobsson,+46 (0)8 019 884 68,"Skoltorget 998, 78219 Lund"
740122-1705,Leia Pettersson,060-97 37 11,"Stationsgatan 79, 61611 Borlänge"
850818-8110,Christina Nyström,+46 (0)8 226 857 38,"Storvägen 127, 38757 Karlskrona"
941120-4879,Caroline Sjölander,0080-904 34,"Industritorget 68, 59779 Skellefteå"
011120-7973,Irma Johansson,08-076 117 04,"Villagatan 15, 74856 Östersund"
621117-4120,Inger Malmqvist,08-55 31 39,"Åkervägen 70, 22349 Malmö"
600828-3746,Ellinor Ahmad,043-88 12 54,"Villavägen 0, 30444 Linköping"
570120-3019,Linn Hansson,0664-695 56,"Skolvägen 19, 96151 Uddevalla"
590912-5550,Hannah Gustafsson Jakobsson,+46 (0)327 389 27,"Ängstorget 366, 17798 Göteborg"
451223-3471,Doris Carlsson,08-87 48 98,"Genvägen 3, 64307 Lidköping"
671225-1187,Nova Kjellberg,+46 (0)8 017 900 08,"Stationsvägen 35, 75446 Linköping"
631111-4174,Jennie Arvidsson,08-512 994 46,"Industrigatan 0, 94230 Uppsala"
741011-0774,Lina Blomkvist Helgesson,08-655 659 47,"Gengatan 77, 33143 Karlstad"
390309-7446,Maria Nordin,+46 (0)8 852 840 65,"Stationsvägen 0, 29438 Alingsås"
631020-2814,Susanne Sjögren,067-73 91 68,"Kyrkstigen 110, 45010 Uppsala"
850721-4495,Jonna Wiklund,+46 (0)80 96 01 32,"Genvägen 13, 46073 Karlskrona"
990402-8397,Alma Svensson,+46 (0)8 662 507 63,"Kyrktorget 948, 45932 Södertälje"
821220-2496,Therese Johansson,068-24 32 44,"Granstigen 7, 60793 Malmö"
390220-2948,Sigrid Samuelsson,08-059 34 92,"Villavägen 91, 64912 Skellefteå"
050329-2591,Alice Johansson,+46 (0)446 096 51,"Skolgränd 86, 30423 Trelleborg"
021116-3951,Betty Persson,0593-957 96,"Industrigatan 5, 20812 Halmstad"
510203-9111,Joanna Andersson Johnson,0667-12 49 39,"Granvägen 607, 49675 Lidingö"
931224-0071,Gertrud Wahlberg,08-24 02 83,"Furugatan 90, 67459 Helsingborg"
630615-2213,Gerd Holst,+46 (0)59 03 12 56,"Kyrktorget 4, 27871 Stockholm"
750512-8194,Ulrika Blixt,0229-016 16,"Ekgatan 32, 29235 Lidköping"
351214-1205,Sonia Jakobsson,0467-32 92 96,"Industritorget 02, 18923 Luleå"
531114-5873,Ingegerd Ottosson,0308-344 95,"Kvarnstigen 03, 21996 Falun"
760604-4704,Christina Jansson Boman,0852-52 70 40,"Nytorget 92, 27093 Eskilstuna"
650728-3643,Angelina Eriksson Larsson,065-883 42 36,"Kyrkvägen 966, 81708 Trollhättan"
791120-5644,Olivia Persson,0181-221 53,"Storstigen 58, 40650 Borås"
670901-4283,Nathalie Andersson,08-444 474 89,"Bäckgränd 45, 81928 Gävle"
780805-2190,Maria Nyman,+46 (0)36 24 32 64,"Idrottsvägen 960, 81864 Landskrona"
041209-4120,Elisabeth Larsson,+46 (0)73 86 12 10,"Industritorget 3, 37611 Trollhättan"
460704-8594,Maria Nilsson,+46 (0)351 357 70,"Skolstigen 4, 47196 Umeå"
730624-4521,Klara Nylander Ahmadi,+46 (0)8 490 753 70,"Grangatan 1, 23465 Falun"
970816-9066,Katarina Andersson,08-945 741 89,"Skolgränd 0, 64691 Södertälje"
530822-3378,Inger Malmgren Ali,023-724 86 20,"Backvägen 08, 14858 Västerås"
940413-2103,Lillemor Lindfors Nyman,0441-052 61,"Björkvägen 1, 19711 Varberg"
570719-8890,Liselott Eriksson,+46 (0)8 833 683 88,"Ringgatan 74, 75485 Stockholm"
490116-1465,Kristin Nilsson,0794-340 79,"Järnvägstorget 8, 75638 Karlstad"
421117-8456,Anette Eriksson,031-916 32 86,"Furuvägen 58, 40118 Malmö"
050405-2614,Katarina Pedersen,093-477 43 08,"Industristigen 524, 87918 Alingsås"
390526-2642,Selma Lilja,08-569 84 29,"Ekgatan 8, 48275 Falun"
671006-6009,Agneta Ahmed,0995-70 41 98,"Skoltorget 540, 31601 Alingsås"
841214-1296,Gudrun Stenberg,+46 (0)816 383 93,"Nygatan 0, 54638 Örnsköldsvik"
060925-9098,Katarina Nilsson,0467-87 80 41,"Nyvägen 07, 78590 Norrköping"
880817-1568,Marie Lundström,+46 (0)254 411 42,"Parkstigen 4, 79217 Växjö"
860106-4812,Angelina Lindholm,0625-87 26 92,"Ängsstigen 21, 35411 Västerås"
980111-2799,Kerstin Lundqvist,073-31 47 00,"Åkergatan 0, 47104 Halmstad"
670116-8301,Evelina Ibrahim,+46 (0)543 191 20,"Järnvägsgränd 479, 59107 Örnsköldsvik"
890624-2840,Lilly Dahl,08-838 11 67,"Gentorget 72, 53184 Göteborg"
380917-9272,Maryam Karlsson,037-11 80 03,"Industrigränd 09, 76811 Jönköping"
490510-1459,Marie Lundell Olsson,+46 (0)04 15 00 72,"Granvägen 1, 33579 Norrköping"
710111-6791,Anna Jonasson,08-10 30 17,"Nytorget 1, 48773 Piteå"
630729-3644,Ebba Åkesson,083-00 14 12,"Kvarntorget 48, 37424 Ängelholm"
760406-5404,Kristina Olsson,0989-27 66 73,"Parkgatan 1, 28574 Sundsvall"
420430-8151,Sarah Andersson,08-130 729 78,"Nystigen 0, 12397 Östersund"
530921-2867,Julia Jonasson,08-40 93 07,"Trädgårdsvägen 277, 45472 Linköping"
900621-8300,Gertrud Mohammadi-Hosseini,+46 (0)77 13 80 68,"Aspvägen 5, 69037 Karlskoga"
670219-4314,Åsa Källström-Edström,08-22 06 88,"Ringvägen 474, 22370 Malmö"
470722-7825,Iris Bäck,0049-114 10,"Parkstigen 37, 51276 Trollhättan"
480729-3370,Linnea Gustavsson,08-710 82 20,"Grangränd 7, 41214 Lidköping"
400315-1315,Charlotte Werner-Olsson,019-19 74 00,"Kyrkotorget 918, 39385 Örebro"
651210-6565,Nelly Andersson,+46 (0)891 709 95,"Industrigatan 73, 60267 Kalmar"
891027-0126,Ella Wallin,+46 (0)96 90 62 18,"Stationsvägen 7, 28775 Uddevalla"
360719-1347,Berit Lund,0212-88 58 94,"Kyrkotorget 63, 82634 Stockholm"
390528-0370,Ann-Charlott Jeppsson-Danielsson,+46 (0)830 919 11,"Industrivägen 20, 28536 Varberg"
580424-2880,Lisbeth Jonsson-Österberg,0735-81 19 67,"Storvägen 0, 55698 Östersund"
840419-0962,Elisabeth Vesterlund,0102-716 60,"Storvägen 2, 84458 Lund"
550907-9165,Ester Karlsson,08-241 414 77,"Björkvägen 30, 91899 Västerås"
530830-8732,Karin Dahl,0380-29 70 20,"Industrivägen 3, 30549 Skellefteå"
560806-9745,Elisabet Berg,08-36 39 16,"Furuvägen 380, 83778 Linköping"
761217-5484,Britta Hermansson,+46 (0)8 155 119 70,"Industrigatan 75, 64479 Uddevalla"
801016-4898,Kristina Bengtsson,+46 (0)945 622 34,"Skogsvägen 49, 37828 Landskrona"
751230-8458,Therese Lindahl-Martinsson,08-013 664 29,"Parktorget 37, 50950 Sundsvall"
010215-5330,Emma Gustafsson,0283-95 25 09,"Fabriksgränd 32, 58024 Uddevalla"
360222-0778,Jenny Karlsson Borg,0270-142 99,"Skogsgränd 17, 74456 Stockholm"
410919-5562,Marie Kvist Stark,0334-04 73 69,"Villavägen 972, 20515 Uppsala"
930823-9459,Valborg Sundin,074-034 96 70,"Skolgränd 20, 33385 Växjö"
020829-7697,Sandra Sjöström,057-75 81 16,"Nyvägen 77, 14918 Lidingö"
940521-7903,Ann-Charlott Andersson Olofsson,+46 (0)8 665 059 40,"Fabriksgränd 858, 53153 Landskrona"
390106-8696,Margareta Björk,0542-128 09,"Parktorget 227, 22450 Lidingö"
661229-4360,Ingela Moberg,08-463 82 96,"Industritorget 96, 24007 Eskilstuna"
481025-6307,Lovisa Lundin,+46 (0)250 738 92,"Grantorget 0, 52726 Nyköping"
450426-9301,Karin Blomqvist,08-962 638 67,"Björktorget 4, 48236 Örebro"
881125-6802,Inez Andersson Henriksson,08-16 82 50,"Skolgatan 5, 66406 Västerås"
620721-3304,Freja Håkansson-Björkman,+46 (0)444 164 46,"Trädgårdsstigen 408, 13451 Uddevalla"
500730-9544,Elisabeth Karlsson,08-746 233 07,"Trädgårdsstigen 97, 73873 Skellefteå"
410213-4998,Wilma Krantz,0833-042 08,"Storvägen 96, 10979 Kalmar"
460604-4008,Elisabet Karlsson,026-017 17 49,"Strandvägen 72, 73878 Växjö"
921225-3513,Yvonne Ferm,08-52 81 94,"Björkstigen 191, 89515 Karlskrona"
810921-9520,Ingegerd Hermansson,+46 (0)8 128 957 44,"Järnvägsgränd 3, 77838 Skellefteå"
690715-3776,Wilma Andersson,0741-44 75 71,"Aspstigen 08, 16072 Karlskoga"
980723-0439,Viktoria Lindblom,+46 (0)454 275 93,"Idrottsgatan 535, 36903 Umeå"
700316-2802,Sonja Törnqvist,021-199 60 22,"Storstigen 43, 78682 Luleå"
540618-7228,Malin Emanuelsson,+46 (0)69 47 00 54,"Strandgatan 70, 22530 Borås"
741111-0344,Alice Carlsson,005-124 78 23,"Ringgatan 502, 91970 Trelleborg"
880919-9121,Diana Bohlin,+46 (0)26 00 02 84,"Storvägen 39, 12909 Norrköping"
720527-0692,Lilly Martinsson Andersson,08-719 022 93,"Parktorget 11, 64739 Alingsås"
710304-5667,Ann-Christin Johansson,+46 (0)924 982 60,"Bäckvägen 121, 30949 Trollhättan"
861208-3793,My Ahmed,0994-268 72,"Skolgatan 104, 29742 Örebro"
821203-1432,Mona Ek,057-25 36 51,"Åkervägen 861, 22665 Västerås"
420716-3587,Caroline Jonsson,061-87 15 69,"Kyrktorget 2, 24326 Ängelholm"
651218-8118,Ulrika Holmström,0969-879 30,"Gengatan 7, 85775 Södertälje"
960712-5987,Michelle Andersson,+46 (0)8 659 662 15,"Kyrkgatan 5, 36815 Borlänge"
361103-9037,Nina Holm,+46 (0)8 181 117 60,"Kyrktorget 1, 18163 Lund"
660909-1084,Malin Nyman,+46 (0)168 678 52,"Strandgatan 4, 60172 Norrköping"
670319-8652,Ebba Malmberg-Pettersson,08-387 602 30,"Trädgårdstorget 4, 61895 Växjö"
821214-2049,Maya Johansson,016-85 00 38,"Ringtorget 0, 80200 Norrköping"
611015-7465,Evy Lövgren,08-675 070 28,"Ringvägen 1, 15172 Trelleborg"
570924-4312,Freja Hellström,081-641 49 70,"Ringvägen 521, 84969 Helsingborg"
060130-5568,Lilian Larsson,+46 (0)851 403 38,"Parkstigen 63, 63164 Örebro"
051024-2373,Alva Larsson,+46 (0)8 877 628 07,"Storgatan 84, 63907 Nyköping"
030411-1388,Mona Åkesson,08-99 81 67,"Skogsvägen 34, 51889 Östersund"
920529-8475,Astrid Andersson Westberg,034-071 52 74,"Trädgårdsgatan 86, 80229 Trollhättan"
451129-2460,Marie Olsen,08-207 267 14,"Kyrkgatan 1, 83212 Kristianstad"
731115-2727,Christina Dahl,08-385 24 29,"Parkstigen 00, 80634 Alingsås"
900710-1026,Rut Flink,0238-95 44 93,"Skolgränd 207, 64108 Uppsala"
780330-8308,Emilia Eriksson-Hedlund,+46 (0)66 52 32 46,"Skolgatan 191, 33671 Lund"
500117-5636,Anna Larsson,0546-12 64 67,"Ekgatan 543, 93609 Södertälje"
740616-6020,Helen Arvidsson,0258-262 17,"Ekvägen 761, 82913 Ängelholm"
350706-8579,Alicia Persson,+46 (0)283 145 01,"Villagränd 7, 49881 Kristianstad"
931004-0325,Beata Backlund,054-73 47 68,"Idrottsvägen 7, 36212 Skövde"
940210-9509,Thea Lindquist,08-692 35 66,"Industrivägen 93, 64836 Kalmar"
010207-2535,Katarina Hermansson,093-105 84 91,"Villavägen 04, 93131 Umeå"
001003-9907,Jenny Hagström,+46 (0)163 979 14,"Skolstigen 479, 84620 Norrköping"
620521-9089,Gunilla Danielsson,+46 (0)04 83 44 81,"Villavägen 538, 99769 Skellefteå"
671206-3400,Rosa Rosengren Vikström,0201-352 83,"Nytorget 9, 10127 Karlskrona"
040413-9156,Marie Hosseini,08-10 04 08,"Stortorget 060, 79596 Jönköping"
560130-1566,Alva Blixt,+46 (0)06 27 41 69,"Björkvägen 0, 63134 Borlänge"
730524-7251,Mona Nordqvist-Jonsson,08-375 387 43,"Skogsvägen 0, 11888 Nyköping"
530610-3549,Greta Arvidsson,08-853 66 23,"Kvarngatan 8, 45171 Trelleborg"
940612-8737,Maria Nyström,002-864 34 55,"Skolgatan 6, 30071 Borås"
950709-3822,Margareta Johansson,0334-31 32 84,"Skolgatan 047, 97104 Östersund"
820604-3583,Greta Persson-Jönsson,0227-380 10,"Åkergatan 7, 96228 Kristianstad"
370902-0154,Erika Oskarsson,022-184 01 71,"Skolvägen 01, 56393 Västerås"
441022-8888,Kristina Hägglund,0899-18 49 15,"Strandgatan 02, 52242 Lidköping"
730310-5568,Margareta Schmidt,+46 (0)8 104 498 56,"Granvägen 15, 85311 Sandviken"
390202-9028,Eva Karlsson Håkansson,+46 (0)04 29 23 80,"Industrigatan 9, 91127 Halmstad"
541030-7333,Anna Ström,039-43 17 08,"Storvägen 477, 27289 Luleå"
841210-2538,Maryam Forsberg,08-96 76 13,"Bäckgatan 8, 56136 Halmstad"
610817-9885,Matilda Thorén,+46 (0)242 470 50,"Ängsvägen 72, 29962 Ängelholm"
410404-6919,Agneta Lundin,08-518 19 51,"Järnvägsgatan 043, 31561 Stockholm"
480221-2193,Beatrice Wall Sjöberg,073-93 83 38,"Järnvägstorget 3, 60378 Falun"
500226-1625,Nicole Berggren,092-358 77 72,"Ängsgatan 9, 93491 Lidköping"
800402-6905,Marit Frisk,088-347 15 56,"Villavägen 035, 26090 Motala"
770715-4147,Maria Pettersson,08-73 08 22,"Villavägen 27, 57891 Örebro"
440603-3151,Inger Söderlund,08-577 58 56,"Trädgårdsvägen 8, 55663 Lund"
831029-2936,Barbro Svensson-Hosseini,08-092 433 08,"Fabriksstigen 73, 62566 Malmö"
070119-5604,Mila Larsson,0340-96 99 26,"Storvägen 744, 55763 Jönköping"
050313-8067,Linnea Ekberg,+46 (0)8 797 419 04,"Skogsgatan 9, 24472 Södertälje"
030330-5338,Marie Karlsson,0670-958 06,"Nyvägen 366, 29309 Eskilstuna"
460319-8310,Louise Rask,08-27 66 67,"Skolstigen 09, 96709 Varberg"
661105-0391,Karin Lindholm,0001-31 09 83,"Ekvägen 7, 23011 Umeå"
810417-8192,Marie Ågren,08-81 62 31,"Industritorget 18, 23510 Eskilstuna"
880721-1449,Yvonne Lindblom,+46 (0)11 64 65 56,"Industrigatan 194, 93595 Lund"
910425-0569,Filippa Andersson,08-979 037 34,"Furugatan 6, 92612 Stockholm"
370824-9903,Margit Nilsson Petersson,+46 (0)71 51 69 74,"Nytorget 975, 70910 Uppsala"
501222-6584,Christina Isaksson,08-082 204 44,"Åkerstigen 05, 52786 Uddevalla"
600918-0651,Elisabet Andersson-Nyberg,+46 (0)769 918 70,"Stationsstigen 77, 95479 Skellefteå"
430822-7596,Lena Eriksson,08-05 02 19,"Grangränd 9, 52169 Umeå"
880412-3118,Anneli Eriksson,099-561 86 75,"Strandgatan 9, 79201 Landskrona"
470720-1630,Birgitta Dahl,08-081 730 13,"Björkgränd 726, 18584 Kristianstad"
990131-4873,Patricia Olsson,0083-38 37 77,"Nygatan 1, 52368 Lund"
520519-5133,Isabel Svensson,073-40 17 53,"Ängsgränd 5, 14171 Borlänge"
421220-9953,Sofia Christensen,0824-650 24,"Nyvägen 992, 89452 Örebro"
680612-3284,Matilda Gustafsson-Sjöberg,0100-703 85,"Ekgränd 1, 89805 Falun"
771019-7539,Ingegerd Skoglund,08-825 44 86,"Strandvägen 04, 49503 Falun"
650630-0398,Lina Lidström Persson,+46 (0)01 57 69 27,"Genvägen 937, 46288 Södertälje"
870606-4063,Eva Öberg,077-323 72 29,"Kyrkvägen 6, 36868 Borlänge"
860506-6011,Abdi Davidsson,0531-93 49 92,"Bäckgränd 300, 63255 Örebro"
800327-1791,Jessica Hansen,+46 (0)567 861 51,"Storgatan 1, 83618 Nyköping"
490520-6670,Karin Augustsson,+46 (0)48 62 17 71,"Idrottsgatan 907, 27118 Eskilstuna"
870302-7774,Ann-Charlotte Åkesson,+46 (0)8 811 727 67,"Idrottsgatan 505, 97829 Trollhättan"
400928-6537,Maria Öberg,+46 (0)8 548 666 47,"Skogsstigen 7, 27789 Nyköping"
470112-5371,Elisabet Ljungberg,08-458 541 34,"Fabriksvägen 27, 86426 Varberg"
940314-4687,Pia Alexandersson Brodin,+46 (0)77 06 69 64,"Skolgatan 931, 62743 Malmö"
780619-1628,Anette Petersson,0705-261 43,"Kyrkovägen 72, 51671 Örnsköldsvik"
690918-3318,Eva Klasson,036-082 07 85,"Industrivägen 1, 49486 Örebro"
920210-4320,Jenny Nyman,0315-970 14,"Kvarngatan 0, 45248 Skellefteå"
050118-1887,Sara Karlsson,+46 (0)349 175 72,"Åkergatan 24, 44207 Karlskrona"
661223-2626,Ella Johnsson,0742-096 66,"Villavägen 276, 23417 Halmstad"
921013-4327,Mariann Söderlund,085-69 09 76,"Björkgränd 761, 93426 Stockholm"
050316-9872,Annelie Sundström Ahmed,08-40 20 98,"Grangränd 6, 26459 Kalmar"
010318-7761,Elin Carlsson,+46 (0)8 119 338 33,"Fabriksgatan 7, 81355 Karlstad"
010921-4098,Sara Green,+46 (0)003 412 47,"Industristigen 112, 98204 Lidingö"
360220-5001,Maya Ek,0226-977 11,"Ringvägen 5, 58870 Mölndal"
550214-0477,Viktoria Hansson-Karlsson,+46 (0)8 456 670 22,"Idrottsgatan 4, 68401 Sundsvall"
921206-6980,Ebba Forsell-Larsson,089-536 09 11,"Parkvägen 94, 21724 Varberg"
351031-1156,Lova Borgström-Wikström,0374-080 53,"Backgatan 007, 77193 Trelleborg"
421127-7167,Eva Ivarsson-Karlsson,08-42 05 88,"Trädgårdsvägen 4, 78377 Lidingö"
041105-3135,Åsa Falk,0295-274 23,"Kvarnvägen 22, 73238 Umeå"
851027-1458,Maria Rydén,08-51 80 74,"Furugatan 741, 10929 Gävle"
810924-6747,Marianne Johansson-Johansson,08-615 13 77,"Storvägen 1, 98548 Örnsköldsvik"
491216-2650,Elisabet Brink,0182-37 77 84,"Gengatan 8, 15699 Helsingborg"
860720-5146,Sandra Berg-Söderman,0617-448 58,"Stationsgränd 47, 66960 Trollhättan"
601224-4346,Michelle Stark Martinsson,+46 (0)822 859 33,"Parkgränd 3, 74761 Norrköping"
541229-5833,Eva Hjalmarsson,+46 (0)237 594 61,"Industrigatan 8, 12961 Landskrona"
970512-8305,Tina Hammarström,0552-76 95 10,"Industrigatan 547, 48570 Sandviken"
030720-9973,Anna Edström,08-465 714 76,"Skogsgatan 652, 25462 Lidingö"
540411-6336,Ruth Omar,08-06 48 61,"Ängsvägen 02, 16410 Lidköping"
660925-8436,Stella Andersson Hansson,08-100 15 66,"Fabriksgatan 87, 10703 Alingsås"
040131-0016,Eva Svensson,0359-88 42 42,"Industrigatan 607, 67196 Lidköping"
010607-6805,Agneta Zhang,08-51 24 96,"Gengränd 5, 69690 Alingsås"
700411-6757,Cecilia Borg,+46 (0)501 833 34,"Järnvägsvägen 1, 20237 Örnsköldsvik"
670428-7017,Lina Larsson,08-44 00 20,"Nyvägen 80, 51784 Gävle"
940921-4039,Jenny Petersson-Ottosson,08-244 840 58,"Kvarngatan 077, 50054 Uppsala"
500318-9833,Kristina Carlsson,044-56 46 36,"Furuvägen 406, 10934 Kalmar"
461224-9195,Lovisa Larsson,+46 (0)8 742 672 60,"Furuvägen 109, 77486 Lund"
361111-3899,Ing-Marie Wennberg,070-40 14 87,"Fabriksgränd 55, 45869 Sundsvall"
700320-8738,Ing-Britt Sjölin,08-283 45 79,"Åkerstigen 2, 82587 Karlstad"
641015-5045,Yasmin Nilsson,08-991 016 05,"Parkgatan 41, 14946 Södertälje"
441119-7330,Vera Andersson,0396-64 00 72,"Skolgatan 8, 50948 Linköping"
430501-5853,Daniella Björk,097-81 48 60,"Fabrikstorget 9, 93573 Falun"
950614-2836,Yvonne Aronsson,08-294 68 79,"Parkstigen 15, 61628 Göteborg"
450220-3229,Johanna Johansson,033-735 30 19,"Industrivägen 439, 22290 Halmstad"
810701-7363,Felicia Jeppsson,08-18 75 45,"Idrottsgatan 28, 44636 Södertälje"
421205-9713,Nina Hellström,0531-164 84,"Villatorget 16, 18783 Örebro"
900602-3726,Margareta Hallberg Mohamed,024-733 95 07,"Åkerstigen 080, 61500 Kristianstad"
541201-9092,Ingegärd Larsson,079-70 40 22,"Industrivägen 223, 50840 Lidköping"
410406-3831,Laila Johansson,08-16 65 07,"Stationsgatan 6, 93606 Linköping"
420211-2910,Ebba Andersson,0401-996 41,"Storgränd 0, 40402 Karlskrona"
570529-2893,Sandra Karlsson,0511-552 70,"Backvägen 50, 24223 Kristianstad"
890101-0481,Tilde Nyberg Svensson,08-82 51 76,"Kyrkstigen 45, 99449 Västerås"
970131-9494,Antonia Eriksson,+46 (0)8 914 078 24,"Parktorget 30, 83819 Stockholm"
640207-1176,Jeanette Pettersson,08-18 31 69,"Åkervägen 74, 54518 Karlstad"
011129-2405,Linnéa Westerlund,083-998 46 74,"Industristigen 06, 92616 Piteå"
480219-6958,Sofia Pettersson,08-790 75 50,"Fabriksgatan 3, 25720 Södertälje"
651217-3912,Ahmed Brolin,072-16 65 95,"Industrivägen 2, 38219 Örnsköldsvik"
380219-1373,Britt Svärd,08-449 03 45,"Strandgränd 13, 91904 Alingsås"
990429-0559,Viktoria Thorén Eriksson,0170-96 53 74,"Gengatan 17, 80339 Falun"
891030-3471,Lisbet Eriksson,08-42 41 70,"Granvägen 92, 61099 Lidingö"
960806-7808,Ann-Sofie Persson,+46 (0)711 516 88,"Storvägen 5, 13929 Uddevalla"
061022-1343,Marika Petersen,+46 (0)36 04 19 95,"Genvägen 6, 68346 Eskilstuna"
401110-9719,Pernilla Forsberg,+46 (0)17 99 37 69,"Industrigatan 8, 91343 Ängelholm"
611223-8008,Elin Blom,0335-014 84,"Furuvägen 1, 71239 Karlskoga"
041004-4440,Tindra Berglund,+46 (0)47 22 79 07,"Furuvägen 43, 98974 Skövde"
420922-8909,Marina Hansson-Frisk,08-340 012 92,"Järnvägsgatan 359, 84129 Södertälje"
440828-9884,Linda Andersson,+46 (0)8 075 202 34,"Stationsgatan 47, 36006 Karlskoga"
391121-3928,My Johansson,+46 (0)8 268 187 17,"Skolvägen 174, 33343 Örebro"
380131-5510,Britt-Marie Lundström,08-361 536 32,"Villagatan 8, 61108 Gävle"
351123-4134,Hanna Alfredsson,0474-00 50 45,"Bäckgränd 97, 77756 Helsingborg"
440107-5637,Lovisa Persson Gunnarsson,008-656 64 24,"Skolgatan 37, 35950 Örebro"
010826-5976,Eivor Bengtsson,+46 (0)81 80 55 37,"Nygatan 45, 99468 Eskilstuna"
810311-0196,Lovisa Axelsson,08-84 06 72,"Järnvägstorget 48, 46893 Västerås"
780906-7700,Kristina Blixt,+46 (0)36 07 77 97,"Skolstigen 09, 61795 Uppsala"
870206-1931,Anita Eriksson,08-76 92 14,"Industristigen 07, 36634 Lund"
690226-7522,Ingrid Persson,+46 (0)407 532 72,"Industrivägen 05, 76444 Trelleborg"
740618-8388,Britta Larsson,08-427 37 25,"Björkstigen 0, 33321 Sandviken"
440202-6167,Johanna Friberg,08-875 07 77,"Skogsstigen 5, 81766 Ängelholm"
041021-0876,Viola Hedman Bergström,+46 (0)214 173 67,"Skolgatan 6, 71289 Kristianstad"
680714-5492,Karin Brolin,08-711 64 64,"Furugatan 939, 66421 Östersund"
551021-3902,Anne Dahl,+46 (0)8 375 265 21,"Ekgränd 1, 53269 Uppsala"
491207-7031,Carin Svensson Johansson,+46 (0)47 80 08 45,"Aspgränd 05, 92511 Trelleborg"
790311-4127,Michelle Hedberg,08-013 011 38,"Kyrkstigen 98, 50857 Uppsala"
600315-9438,Pia Lindblom,+46 (0)35 03 99 86,"Villastigen 823, 20090 Varberg"
670318-0346,Linnéa Larsson,+46 (0)8 808 699 16,"Strandstigen 0, 22608 Lidköping"
661202-4429,Eva Lindberg,0614-333 18,"Kyrkostigen 5, 24874 Lund"
050416-1431,Birgit Andersson,0686-095 29,"Nygatan 973, 29427 Uddevalla"
380601-5578,Gisela Karlsson,0758-82 38 79,"Parkstigen 831, 36385 Norrköping"
870517-1141,Kerstin Brandt,+46 (0)8 408 803 10,"Kyrkgatan 8, 97163 Lidingö"
400518-2425,Margaretha Svensson,065-277 75 39,"Industrivägen 2, 45245 Landskrona"
881124-5011,Maria Nyström-Nilsson,0272-01 97 89,"Strandtorget 253, 76902 Borlänge"
770916-0571,Anne-Marie Westman,0724-33 89 26,"Järnvägsgatan 840, 29966 Landskrona"
680623-6474,Filippa Sjögren,027-722 67 23,"Parktorget 56, 90194 Luleå"
581102-8637,Clara Holmström,08-043 493 24,"Ekstigen 873, 52827 Kristianstad"
710429-8620,Maria Englund,08-68 33 68,"Industrigränd 518, 28667 Motala"
740323-4409,Carin Andersson,+46 (0)77 71 68 42,"Skolgränd 9, 49885 Halmstad"
010404-6354,Carina Christensen,+46 (0)280 094 05,"Stationsgatan 759, 17885 Karlstad"
761006-8749,Fanny Karlsson,087-646 67 80,"Skolvägen 296, 26804 Motala"
440224-9439,Mariana Lindgren,082-280 99 55,"Järnvägsgränd 469, 63725 Ängelholm"
670709-7199,Marie Adolfsson,08-180 879 00,"Stationsgatan 4, 48397 Sandviken"
681002-1789,Margareta Lundberg,0677-948 15,"Trädgårdsvägen 3, 88821 Stockholm"
600915-9754,Mikaela Larsson,+46 (0)01 62 64 66,"Skolgatan 388, 49378 Luleå"
411026-6477,Catharina Carlsson,08-16 09 50,"Järnvägsgränd 933, 52517 Trollhättan"
041204-2210,Amanda Håkansson Johansson,08-326 78 70,"Kvarntorget 624, 78235 Sundsvall"
061112-5832,Valentina Lindgren,08-408 595 43,"Kvarngränd 201, 64743 Landskrona"
750406-2584,Margareta Andersson,08-67 85 81,"Kvarngatan 37, 31689 Uddevalla"
851019-2308,Viktoria Franzén,0468-835 36,"Trädgårdsstigen 79, 91004 Lidingö"
710609-6535,Katarina Holmberg,0532-72 09 15,"Nystigen 02, 77213 Skellefteå"
700710-1087,Helena Gustafsson,052-37 27 97,"Gengatan 1, 78798 Motala"
620603-8850,Johanna Andersson,+46 (0)09 07 07 38,"Bäckgatan 63, 63900 Sundsvall"
800306-5847,Siri Nilsson,+46 (0)829 414 51,"Kvarngatan 57, 36312 Kristianstad"
520328-2842,Frida Nilsson,08-18 54 03,"Ängsgatan 2, 99721 Skellefteå"
440512-1270,My Larsen,+46 (0)46 06 30 60,"Parkgränd 3, 46100 Mölndal"
760120-4154,Linda Lundqvist,+46 (0)8 691 787 69,"Gengatan 86, 94171 Umeå"
690123-9977,Linnéa Johansen,+46 (0)37 33 66 76,"Ringvägen 70, 88385 Borlänge"
530808-9696,Eva Eklund Andersson,066-08 87 36,"Villavägen 7, 84617 Östersund"
910526-8503,Evelina Lindskog,+46 (0)8 237 714 94,"Idrottsgatan 912, 93896 Lidköping"
950814-2750,Helen Nilsson,08-933 30 24,"Skolgatan 6, 72988 Helsingborg"
921231-2673,Ing-Marie Almqvist,+46 (0)8 956 222 32,"Ringvägen 86, 75761 Lund"
650218-3392,Linnea Carlsson,078-11 50 77,"Villagatan 768, 65009 Kristianstad"
920623-5336,Katarina Persson,+46 (0)8 246 182 24,"Kvarngatan 914, 36230 Mölndal"
380402-5223,Frida Lindberg,0201-11 51 68,"Fabriksgatan 209, 98750 Karlskoga"
001015-8624,Carina Malmqvist,+46 (0)8 490 138 40,"Ringgränd 3, 49297 Varberg"
840828-8945,Camilla Eriksson,0102-43 30 01,"Fabriksvägen 151, 59907 Trelleborg"
640122-9411,Eva Linde,08-779 59 18,"Idrottsvägen 0, 29487 Norrköping"
810825-2753,Eva Jonsson,+46 (0)8 633 527 70,"Villagatan 97, 37396 Karlskrona"
741222-7501,Susann Gustafsson,08-30 79 94,"Trädgårdsstigen 3, 22858 Trelleborg"
040814-4327,Anna-Lena Fredriksson,08-871 06 00,"Granvägen 127, 72067 Borlänge"
381120-9885,Anna Skog,+46 (0)8 699 728 87,"Villagränd 0, 58987 Karlstad"
850228-1978,Felicia Nilsson,049-28 68 76,"Parkgatan 3, 97888 Helsingborg"
620828-1441,Susanne Turesson,08-602 597 28,"Strandstigen 257, 52727 Karlskoga"
010602-2940,Sonia Olsson,006-395 36 19,"Industrigränd 0, 38830 Örnsköldsvik"
390706-5712,Viktoria Mohammed,+46 (0)17 77 50 70,"Storgatan 6, 74699 Borås"
901124-3400,Yvonne Andersson,+46 (0)8 607 322 36,"Nyvägen 8, 44360 Uddevalla"
911111-4402,Karolina Blom,08-484 34 06,"Skolvägen 36, 46203 Örebro"
780718-5090,Emma Ali,08-49 13 26,"Skolvägen 252, 38575 Linköping"
600508-9435,Helena Jansson,08-49 58 87,"Strandtorget 15, 56167 Östersund"
860713-8024,Birgitta Davidsson,08-960 13 20,"Bäckgatan 6, 56593 Umeå"
890419-2955,Hedvig Björk,0441-102 88,"Furustigen 10, 66568 Sandviken"
900522-5926,Marie Malm,+46 (0)8 451 838 55,"Furugatan 98, 79732 Malmö"
470606-3262,Linnea Johnsson,08-545 452 80,"Skolstigen 7, 67640 Skövde"
780627-8714,Elsie Persson Lidström,+46 (0)955 974 10,"Parktorget 2, 68636 Sandviken"
751005-1860,Elise Söderman,067-55 76 19,"Kvarnvägen 8, 35146 Uppsala"
951223-4403,Isabelle Wahlgren,08-49 45 14,"Ängsstigen 796, 75978 Sandviken"
050623-3907,Margret Brandt,0060-45 66 14,"Parkvägen 89, 42271 Varberg"
580615-1113,Lisbet Berglund,08-330 956 83,"Industrivägen 0, 48496 Kalmar"
810529-0871,Ingrid Karlsson,08-067 82 58,"Kvarntorget 9, 53652 Halmstad"
430102-8306,Ibrahim Andersen,0529-07 62 39,"Björkgatan 0, 93073 Jönköping"
850116-7558,Maj Falk,+46 (0)8 921 187 38,"Industritorget 07, 93914 Södertälje"
940822-3189,Cecilia Holm,+46 (0)163 151 85,"Ängsstigen 7, 77768 Eskilstuna"
640716-8654,Maria Larsson,061-75 51 44,"Storgatan 8, 47019 Luleå"
970116-2787,Lilian Pettersson,0636-06 55 82,"Parkvägen 7, 76002 Uddevalla"
910301-3570,Nour Persson Lidström,+46 (0)04 05 90 51,"Trädgårdsvägen 779, 62230 Sundsvall"
390224-9725,Marianne Andersson,08-023 631 05,"Skogsvägen 90, 91152 Nyköping"
891121-8041,Solveig Lindström,0854-912 22,"Åkergatan 936, 81672 Alingsås"
820827-1828,Tuulikki Molin,0501-18 81 33,"Fabriksgränd 659, 38032 Helsingborg"
740830-3035,Inger Svensson Andersson,0800-45 94 29,"Stationsgatan 8, 75400 Uddevalla"
720218-1660,Eva Nordström,+46 (0)65 89 60 91,"Furugatan 703, 57380 Kalmar"
410829-6163,Stella Björk,+46 (0)529 703 23,"Kyrkvägen 967, 64300 Trollhättan"
430511-1629,Sofia Lindgren,08-052 591 82,"Backstigen 4, 62258 Trelleborg"
470622-7867,Lisa Isaksson-Johnsson,082-034 86 79,"Industrigränd 2, 87738 Malmö"
440217-6293,Engla Larsson-Öberg,053-036 84 95,"Skolgatan 2, 22915 Lidingö"
460524-2876,Maria Erlandsson,08-06 68 64,"Kyrkgatan 4, 75077 Malmö"
690718-9101,Margareta Ågren,08-452 68 86,"Parkstigen 522, 24160 Kalmar"
011029-6852,Helena Eklund Jakobsson,048-21 08 37,"Nystigen 4, 11935 Stockholm"
551014-9866,Eva Södergren,044-44 25 80,"Nystigen 3, 68964 Halmstad"
540116-4602,Nadia Edström,+46 (0)565 101 80,"Industrivägen 448, 31689 Gävle"
870930-6461,Linda Lundgren,0125-164 64,"Villatorget 041, 15737 Södertälje"
430703-4134,Irene Hassan,+46 (0)8 119 967 44,"Ekvägen 247, 22426 Kalmar"
721012-5659,Ida Stenström,08-27 53 42,"Storstigen 81, 66399 Växjö"
760516-9296,Alba Eriksson,0678-66 70 63,"Granvägen 7, 24618 Landskrona"
870818-9462,Lilian Johansson,+46 (0)35 98 46 15,"Backgatan 5, 81167 Motala"
831226-2531,Birgitta Johansson,037-65 73 77,"Grangatan 80, 24112 Piteå"
530830-3527,Lovisa Hedberg,0934-29 98 87,"Skolgatan 190, 69374 Växjö"
850630-1954,Susanne Molin-Sjölin,+46 (0)97 58 13 92,"Storgatan 77, 47052 Piteå"
760413-3962,Helén Johansson,+46 (0)914 167 08,"Åkergatan 1, 97425 Östersund"
611114-2755,Emelie Khan,+46 (0)8 274 849 64,"Granvägen 43, 97942 Trollhättan"
910207-5331,Maria Lundqvist,087-806 42 50,"Stationsgränd 01, 47429 Trelleborg"
510519-9201,Ingrid Larsson,011-042 91 48,"Järnvägsvägen 81, 30816 Luleå"
610620-8330,Ingela Hagman Johansson,+46 (0)38 91 53 76,"Industristigen 2, 65196 Jönköping"
720628-2324,Linnea Wang,08-08 94 73,"Fabriksvägen 6, 58977 Sundsvall"
550512-0229,Kerstin Gustafsson,056-45 80 50,"Ektorget 729, 28747 Uddevalla"
830908-8246,Christina Sjölund,+46 (0)8 050 300 33,"Idrottsvägen 227, 68113 Piteå"
741009-4614,Helen Jonsson-Fredriksson,055-107 34 30,"Skolgatan 39, 63141 Göteborg"
990816-5161,Malin Larsson,+46 (0)76 51 18 68,"Ringvägen 978, 70434 Lidingö"
931028-8825,Maria Danielsson Nilsson,+46 (0)993 459 74,"Kyrkotorget 415, 22455 Kristianstad"
411219-0204,Siv Alm,+46 (0)96 32 60 93,"Skolvägen 50, 94699 Västerås"
500902-1220,Signe Eriksson-Holmberg,0050-531 67,"Fabriksstigen 0, 24573 Karlskrona"
681114-4002,Sophia Omar,040-699 07 37,"Parktorget 6, 62509 Varberg"
750416-7920,Maria Högberg,060-43 08 06,"Ekvägen 4, 25743 Alingsås"
820322-8260,Jessica Martinsson,066-84 44 80,"Ekgatan 999, 46727 Kristianstad"
041020-5371,Suzanne Adolfsson,08-36 27 23,"Stationsgatan 910, 69122 Norrköping"
011109-1492,Signe Andersson Hellström,0882-338 66,"Järnvägsgatan 21, 90057 Halmstad"
550718-8943,Elisabet Persson,08-091 58 99,"Ängsgränd 50, 60635 Borås"
011116-3267,Karin Norén,0383-94 33 70,"Idrottsgatan 573, 35213 Uddevalla"
770429-7501,Ingrid Johansson Lundberg,0440-240 76,"Parktorget 48, 66253 Uddevalla"
540614-9160,Cecilia Persson,+46 (0)389 133 27,"Gentorget 23, 58122 Skövde"
541020-7657,Felicia Johansson,019-91 86 14,"Bäckgränd 79, 35784 Västerås"
810516-5800,Agneta Johansson,+46 (0)8 433 721 73,"Industrigatan 8, 99295 Karlstad"
020711-6625,Karin Lundqvist,047-618 29 58,"Björkgatan 19, 69858 Örnsköldsvik"
790105-4275,Frida Karlsson,0440-131 74,"Granvägen 9, 36607 Umeå"
790907-6270,Irene Lundin,005-050 70 46,"Industrigatan 4, 85664 Växjö"
380321-3721,Margareta Jansson,08-92 71 57,"Skolvägen 78, 71474 Eskilstuna"
880321-5667,Birgitta Bohlin,08-582 97 43,"Kvarngatan 224, 31260 Trelleborg"
600825-1057,Märta Olsson,+46 (0)24 97 63 70,"Kvarntorget 3, 10033 Göteborg"
940925-9703,Cecilia Andersson,082-80 51 76,"Åkervägen 36, 92200 Uddevalla"
750425-2219,Jenny Sundqvist,0238-157 38,"Järnvägsvägen 7, 57441 Östersund"
391223-1101,Gunilla Ismail,0621-779 46,"Ringgränd 04, 45573 Stockholm"
850110-2126,Märta Pettersson,+46 (0)8 426 176 02,"Kyrkovägen 29, 94734 Eskilstuna"
500911-0213,Agneta Samuelsson,+46 (0)958 871 67,"Skogsvägen 618, 66992 Uddevalla"
691224-2689,Helena Eliasson,011-55 30 06,"Skolvägen 659, 69925 Lidingö"
530116-4132,Charlotte Johansson,08-971 42 20,"Parkstigen 555, 33240 Karlstad"
480913-1966,Malva Bergman,+46 (0)98 02 79 61,"Trädgårdsvägen 4, 34045 Ängelholm"
770714-3595,Elisabeth Svensson Johansson,08-124 61 70,"Skolgatan 4, 86812 Malmö"
020129-8650,Helena Rasmussen,+46 (0)8 705 325 14,"Åkerstigen 32, 80305 Halmstad"
531001-9541,Olivia Malm,08-695 917 36,"Genvägen 3, 18922 Växjö"
990720-2171,Natalie Karlsson,+46 (0)8 403 699 19,"Kyrkovägen 139, 98602 Nyköping"
710824-0206,Klara Eriksson,0293-787 94,"Parkstigen 5, 94172 Ängelholm"
760925-9945,Carina Karlsson,08-050 705 96,"Kyrkvägen 644, 84490 Landskrona"
720302-4638,Josefine Nilsson,0992-61 03 25,"Furutorget 956, 18239 Uppsala"
710630-2347,Annie Lundgren,066-759 64 70,"Åkergatan 6, 11961 Örebro"
000121-2265,Zahra Olsson-Eriksson,007-39 39 98,"Skolgatan 39, 90651 Umeå"
930305-9506,Joline Gren,070-369 32 94,"Nygatan 919, 69667 Sundsvall"
500523-1906,Rose-Marie Westerberg-Landström,08-244 942 01,"Kyrkogatan 479, 64519 Jönköping"
901114-1687,Marie Johannesson-Högberg,084-60 24 59,"Parkgatan 598, 49344 Helsingborg"
610503-2723,Kristina Lindkvist Månsson,+46 (0)421 488 34,"Åkervägen 42, 84380 Lidköping"
010111-4825,Ingegerd Hansson-Pettersson,028-76 20 61,"Industristigen 20, 62721 Göteborg"
860116-5080,Margaretha Nielsen,046-41 31 50,"Kyrkogränd 07, 18553 Skövde"
421004-0905,Inger Andersson,+46 (0)384 277 54,"Industrivägen 03, 73577 Östersund"
650727-5763,Anita Ottosson,+46 (0)782 495 89,"Stortorget 361, 32409 Motala"
661005-6548,Margareta Sandström,063-25 43 05,"Furuvägen 3, 59407 Södertälje"
501225-9973,Caroline Mohamed Johansson,0281-99 05 64,"Kvarnstigen 28, 89507 Helsingborg"
630220-1436,Mary Ahlström,048-62 36 62,"Skogsstigen 6, 10993 Malmö"
580816-4684,Anna Olsson-Johansson,032-06 18 21,"Parktorget 6, 28398 Kristianstad"
700921-3088,Carin Hagberg Palmgren,+46 (0)68 69 32 71,"Fabriksgatan 346, 21128 Ängelholm"
691125-3695,Birgitta Brandt,029-715 53 42,"Bäckgatan 988, 18653 Karlskoga"
871118-1928,Moa Fredriksson-Bäck,078-149 42 91,"Björkgatan 8, 58714 Malmö"
710507-3238,Terese Rosengren,+46 (0)03 48 52 87,"Skoltorget 49, 41265 Mölndal"
351129-4161,Elisabeth Jansson,+46 (0)00 00 33 87,"Aspgränd 5, 20824 Borås"
800426-6428,Marie Edström,08-13 64 98,"Kyrkvägen 7, 21342 Halmstad"
870720-1813,Jane Ek,035-27 23 92,"Åkergatan 9, 35419 Karlskrona"
991106-3973,Maria Blom,08-760 82 96,"Björkvägen 7, 81265 Stockholm"
560513-7834,Pernilla Engström,0044-704 77,"Nyvägen 5, 57859 Lidingö"
770716-1829,Marie Isaksson,058-395 57 42,"Industristigen 239, 91185 Ängelholm"
420515-5866,Ulla Eriksson,+46 (0)8 194 763 72,"Parkstigen 293, 82253 Borås"
630711-4477,Pia Sjöstedt,092-547 54 87,"Backstigen 518, 84815 Växjö"
461117-4469,Katarina Karlsson-Lindgren,+46 (0)525 932 93,"Stationsgatan 59, 14270 Kristianstad"
581122-2255,Elisabet Falk,019-348 79 71,"Storvägen 0, 63947 Norrköping"
860227-5433,Inger Björklund,+46 (0)8 259 733 20,"Skolgatan 955, 55623 Uppsala"
580504-0457,Johanna Isaksson,032-596 13 40,"Strandvägen 5, 84091 Lidingö"
380415-5368,Carina Hedman,080-36 41 28,"Industrigatan 982, 52783 Malmö"
430221-9953,Karolina Karlsson-Backman,0215-992 60,"Gentorget 5, 30659 Karlstad"
750620-1875,Lisa Hassan,034-35 16 16,"Bäckgränd 4, 29666 Jönköping"
920507-6327,Nova Andersson,+46 (0)11 51 98 50,"Furustigen 93, 16339 Växjö"
510619-2601,Johanna Rydén-Ericson,076-92 29 75,"Strandgränd 813, 39744 Landskrona"
780628-1619,Kerstin Persson,08-726 50 50,"Ringgatan 475, 12585 Helsingborg"
460327-4996,Filippa Hallberg,08-05 42 91,"Nygatan 513, 22695 Örebro"
380222-3051,Maj Hammar,08-987 29 10,"Furuvägen 576, 49096 Västerås"
381123-2937,Kristina Andreasson Larsson,08-54 44 24,"Industrivägen 8, 86480 Norrköping"
420409-4124,Helene Englund,+46 (0)36 14 17 41,"Nyvägen 1, 20687 Västerås"
480314-7307,Klara Robertsson,08-960 721 45,"Ängstorget 866, 51673 Sundsvall"
851104-3807,Jenny Vikström,069-387 67 60,"Industrigränd 99, 58953 Uppsala"
720217-9342,Ebba Svanberg,08-12 56 20,"Industrigatan 129, 55528 Trollhättan"
